Ano,Trimestre,Categoria,Tipo,CNPJ,Instituição financeira,Índice,Quantidade de reclamações reguladas procedentes,Quantidade de reclamações reguladas - outras,Quantidade de reclamações não reguladas,Quantidade total de reclamações,quantidade_total_clientes_ccs_scr,quantidade_clientes_ccs,quantidade_clientes_scr,Unnamed: 14
2021,1º,Grupo Secundário,Banco/financeira,36321990.0,"AGORACRED S/A SOCIEDADE DE CRÉDITO, FINANCIAMENTO E INVESTIMENTO", ,3,3,0,6,420692,129,420563,
2021,1º,Grupo Secundário,Banco/financeira,27214112.0,"AL5 S.A. CRÉDITO, FINANCIAMENTO E INVESTIMENTO", ,1,1,0,2,12645,4979,10112,
2021,1º,Grupo Secundário,Banco/financeira,3532415.0,BANCO ABN AMRO S.A., ,0,0,3,3,98,71,31,
2021,1º,Grupo Secundário,Banco/financeira,54403563.0,BANCO ARBI S.A., ,1,0,0,1,18087,9312,8838,
2021,1º,Grupo Secundário,Banco/financeira,2992446.0,BANCO CNH INDUSTRIAL CAPITAL S.A., ,0,1,2,3,28352,1238,27399,
2021,1º,Grupo Secundário,Banco/financeira,8357240.0,BANCO CSF S.A.,"22,53",165,94,51,310,7322283, ,7322283,
2021,1º,Grupo Secundário,Banco/financeira,4902979.0,BANCO DA AMAZONIA S.A., ,4,1,7,12,540684,459756,194221,
2021,1º,Grupo Secundário,Banco/financeira,10690848.0,BANCO DA CHINA BRASIL S.A., ,0,1,0,1,469,452,32,
2021,1º,Grupo Secundário,Banco/financeira,5040481.0,BANCO DE LAGE LANDEN BRASIL S.A., ,0,1,0,1,36713,3,36711,
2021,1º,Grupo Secundário,Banco/financeira,92874270.0,BANCO DIGIMAIS S.A.,"484,31",143,36,54,233,295260,168966,177621,
2021,1º,Grupo Secundário,Banco/financeira,27098060.0,BANCO DIGIO S.A.,"25,71",40,100,64,204,1555646,594244,1515429,
2021,1º,Grupo Secundário,Banco/financeira,13009717.0,BANCO DO ESTADO DE SERGIPE S.A., ,11,25,9,45,1066464,834281,599884,
2021,1º,Grupo Secundário,Banco/financeira,4913711.0,BANCO DO ESTADO DO PARÁ S.A.,"46,20",39,10,12,61,844056,758236,347013,
2021,1º,Grupo Secundário,Banco/financeira,7237373.0,BANCO DO NORDESTE DO BRASIL S.A., ,19,8,20,47,8512373,7928582,3161435,
2021,1º,Grupo Secundário,Banco/financeira,58616418.0,BANCO FIBRA S.A., ,1,2,2,5,163619,3832,160325,
2021,1º,Grupo Secundário,Banco/financeira,62237425.0,BANCO FIDIS S/A, ,0,2,0,2,6907,185,6739,
2021,1º,Grupo Secundário,Banco/financeira,4866275.0,BANCO INBURSA S.A., ,1,5,1,7,12367,12,12357,
2021,1º,Grupo Secundário,Banco/financeira,91884981.0,BANCO JOHN DEERE S.A., ,0,1,0,1,15036,254,14848,
2021,1º,Grupo Secundário,Banco/financeira,59118133.0,BANCO LUSO BRASILEIRO S.A., ,0,1,0,1,10071,4711,5719,
2021,1º,Grupo Secundário,Banco/financeira,78632767.0,BANCO OURINVEST S.A., ,0,1,0,1,42561,40252,2342,
2021,1º,Grupo Secundário,Banco/financeira,61820817.0,BANCO PAULISTA S.A., ,0,0,1,1,26002,7898,18366,
2021,1º,Grupo Secundário,Banco/financeira,795423.0,BANCO SEMEAR S.A., ,4,0,1,5,290731,2996,287950,
2021,1º,Grupo Secundário,Banco/financeira,11970623.0,BANCO SENFF S.A., ,8,12,2,22,77251,106,77156,
2021,1º,Grupo Secundário,Banco/financeira,7679404.0,BANCO TOPÁZIO S.A., ,1,4,1,6,35261,16292,21125,
2021,1º,Grupo Secundário,Banco/financeira,3215790.0,BANCO TOYOTA DO BRASIL S.A., ,0,0,1,1,164435,15283,150113,
2021,1º,Grupo Secundário,Banco/financeira,17351180.0,BANCO TRIANGULO S.A., ,3,8,16,27,1953437,248674,1790932,
2021,1º,Grupo Secundário,Banco/financeira,57839805.0,BANCO TRICURY S.A., ,0,1,1,2,685,666,149,
2021,1º,Grupo Secundário,Banco/financeira,9313766.0,"CARUANA S.A. - SOCIEDADE DE CRÉDITO, FINANCIAMENTO E INVESTIMENTO", ,1,2,1,4,71736,65584,11640,
2021,1º,Grupo Secundário,Banco/financeira,62331228.0,DEUTSCHE BANK S.A. - BANCO ALEMAO, ,0,1,0,1,2112,2093,164,
2021,1º,Grupo Secundário,Banco/financeira,15581638.0,FACTA FINANCEIRA S.A. - CRÉDITO FINANCIAMENTO E INVESTIMENTO,"620,55",70,151,3,224,112802,664,112141,
2021,1º,Grupo Secundário,Banco/financeira,411939.0,"FINAMAX S.A. - CREDITO, FINANCIAMENTO E INVESTIMENTO", ,0,2,3,5,87041,1715,85381,
2021,1º,Grupo Secundário,Banco/financeira,4230630.0,"JBCRED S.A. SOCIEDADE DE CREDITO, FINANCIAMENTO E INVESTIMENTO", ,2,2,3,7,49879, ,49879,
2021,1º,Grupo Secundário,Banco/financeira,11271860.0,"LEBES FINANCEIRA S.A. - CRÉDITO, FINANCIAMENTO E INVESTIMENTO", ,1,0,0,1,4,4, ,
2021,1º,Top 10,Banco/financeira,9464032.0,"MIDWAY S.A. - CRÉDITO, FINANCIAMENTO E INVESTIMENTO","2,77",30,91,50,171,10797493,208,10797426,
2021,1º,Grupo Secundário,Banco/financeira,74828799.0,NOVO BANCO CONTINENTAL S.A. - BANCO MÚLTIPLO, ,11,22,0,33,91784,3074,89140,
2021,1º,Grupo Secundário,Banco/financeira,3311443.0,"PARATI - CREDITO, FINANCIAMENTO E INVESTIMENTO S.A.", ,6,3,0,9,3843,0,3843,
2021,1º,Grupo Secundário,Banco/financeira,43180355.0,"PEFISA S.A. - CRÉDITO, FINANCIAMENTO E INVESTIMENTO","12,90",81,36,16,133,6279057,5846351,2878477,
2021,1º,Grupo Secundário,Banco/financeira,1800019.0,"PORTOCRED S.A. - CREDITO, FINANCIAMENTO E INVESTIMENTO", ,29,43,15,87,228987,3382,225607,
2021,1º,Grupo Secundário,Banco/financeira,27351731.0,"REALIZE CRÉDITO, FINANCIAMENTO E INVESTIMENTO S.A.", ,6,31,22,59,4979229,45,4979205,
2021,1º,Grupo Secundário,Banco/financeira,5503849.0,"SANTANA S.A. - CRÉDITO, FINANCIAMENTO E INVESTIMENTO", ,1,1,0,2,29195,1250,27947,
2021,1º,Grupo Secundário,Banco/financeira,122327.0,"SANTINVEST S.A. - CREDITO, FINANCIAMENTO E INVESTIMENTOS", ,1,2,0,3,14370,634,13736,
2021,1º,Grupo Secundário,Banco/financeira,7747410.0,"SAX S.A. - CRÉDITO, FINANCIAMENTO E INVESTIMENTO", ,2,4,2,8,853173, ,853173,
2021,1º,Grupo Secundário,Banco/financeira,3881423.0,"SOCINAL S.A. - CRÉDITO, FINANCIAMENTO E INVESTIMENTO", ,0,1,5,6,3398,1813,1585,
2021,1º,Grupo Secundário,Banco/financeira,5192316.0,"VIA CERTA FINANCIADORA S.A. - CRÉDITO, FINANCIAMENTO E INVESTIMENTOS", ,0,2,2,4,412934,1008,411929,
2021,1º,Grupo Secundário,Banco/financeira,23862762.0,"WILL FINANCEIRA S.A. CRÉDITO, FINANCIAMENTO E INVESTIMENTO", ,16,15,17,48,1548186,1546806,314656,
2021,2º,Demais bancos e financeiras,Banco/financeira,36321990.0,"AGORACRED S/A SOCIEDADE DE CRÉDITO, FINANCIAMENTO E INVESTIMENTO", ,2,4,1,7,433738,130,433608,
2021,2º,Demais bancos e financeiras,Banco/financeira,27214112.0,"AL5 S.A. CRÉDITO, FINANCIAMENTO E INVESTIMENTO", ,1,1,1,3,15074,6675,11288,
2021,2º,Demais bancos e financeiras,Banco/financeira,3532415.0,BANCO ABN AMRO S.A., ,0,0,1,1,76,54,23,
2021,2º,Demais bancos e financeiras,Banco/financeira,54403563.0,BANCO ARBI S.A., ,6,3,2,11,19525,11177,8411,
2021,2º,Demais bancos e financeiras,Banco/financeira,15173776.0,BANCO CAPITAL S.A., ,0,1,0,1,1354,1312,124,
2021,2º,Demais bancos e financeiras,Banco/financeira,2992446.0,BANCO CNH INDUSTRIAL CAPITAL S.A., ,0,0,1,1,27828,1237,26867,
2021,2º,Demais bancos e financeiras,Banco/financeira,8357240.0,BANCO CSF S.A.,"26,30",192,93,73,358,7297674, ,7297674,
2021,2º,Demais bancos e financeiras,Banco/financeira,4902979.0,BANCO DA AMAZONIA S.A., ,2,6,12,20,548402,468836,194802,
2021,2º,Demais bancos e financeiras,Banco/financeira,5040481.0,BANCO DE LAGE LANDEN BRASIL S.A., ,0,0,1,1,36294,3,36292,
2021,2º,Demais bancos e financeiras,Banco/financeira,92874270.0,BANCO DIGIMAIS S.A.,"212,14",79,23,26,128,372393,238155,195709,
2021,2º,Demais bancos e financeiras,Banco/financeira,27098060.0,BANCO DIGIO S.A.,"18,73",30,64,41,135,1601177,827359,1355127,
2021,2º,Demais bancos e financeiras,Banco/financeira,13009717.0,BANCO DO ESTADO DE SERGIPE S.A., ,18,20,14,52,1074923,837994,605860,
2021,2º,Demais bancos e financeiras,Banco/financeira,4913711.0,BANCO DO ESTADO DO PARÁ S.A.,"33,77",30,23,15,68,888326,764874,396722,
2021,2º,Demais bancos e financeiras,Banco/financeira,7237373.0,BANCO DO NORDESTE DO BRASIL S.A., ,27,23,30,80,8679633,8095479,3223472,
2021,2º,Demais bancos e financeiras,Banco/financeira,58616418.0,BANCO FIBRA S.A., ,0,2,3,5,163669,4032,160187,
2021,2º,Demais bancos e financeiras,Banco/financeira,62237425.0,BANCO FIDIS S/A, ,0,2,0,2,5972,183,5807,
2021,2º,Demais bancos e financeiras,Banco/financeira,90731688.0,BANCO FORD S.A., ,0,1,1,2,341,147,205,
2021,2º,Demais bancos e financeiras,Banco/financeira,4866275.0,BANCO INBURSA S.A., ,3,1,3,7,12478,11,12467,
2021,2º,Demais bancos e financeiras,Banco/financeira,91884981.0,BANCO JOHN DEERE S.A., ,1,1,0,2,14199,254,14008,
2021,2º,Demais bancos e financeiras,Banco/financeira,59118133.0,BANCO LUSO BRASILEIRO S.A., ,1,0,0,1,9668,4682,5351,
2021,2º,Demais bancos e financeiras,Banco/financeira,78632767.0,BANCO OURINVEST S.A., ,0,2,0,2,44303,41822,2504,
2021,2º,Demais bancos e financeiras,Banco/financeira,61820817.0,BANCO PAULISTA S.A., ,0,0,2,2,27172,7769,19666,
2021,2º,Demais bancos e financeiras,Banco/financeira,795423.0,BANCO SEMEAR S.A., ,3,4,2,9,282882,3185,279988,
2021,2º,Demais bancos e financeiras,Banco/financeira,11970623.0,BANCO SENFF S.A., ,4,12,4,20,89047,15993,73551,
2021,2º,Demais bancos e financeiras,Banco/financeira,60518222.0,BANCO SUMITOMO MITSUI BRASILEIRO S.A., ,0,0,1,1,1063,1023,126,
2021,2º,Demais bancos e financeiras,Banco/financeira,7679404.0,BANCO TOPÁZIO S.A., ,6,3,1,10,36623,15733,22906,
2021,2º,Demais bancos e financeiras,Banco/financeira,3215790.0,BANCO TOYOTA DO BRASIL S.A., ,4,1,8,13,159896,15262,145562,
2021,2º,Demais bancos e financeiras,Banco/financeira,17351180.0,BANCO TRIANGULO S.A., ,15,3,10,28,1995911,293864,1829315,
2021,2º,Demais bancos e financeiras,Banco/financeira,20443996.0,"BECKER FINANCEIRA S.A. - CRÉDITO, FINANCIAMENTO E INVESTIMENTO", ,0,0,1,1,119246,8,119241,
2021,2º,Demais bancos e financeiras,Banco/financeira,9313766.0,"CARUANA S.A. - SOCIEDADE DE CRÉDITO, FINANCIAMENTO E INVESTIMENTO", ,2,3,5,10,75187,69362,11217,
2021,2º,Demais bancos e financeiras,Banco/financeira,15581638.0,FACTA FINANCEIRA S.A. - CRÉDITO FINANCIAMENTO E INVESTIMENTO,"555,73",89,269,19,377,160147,667,159483,
2021,2º,Demais bancos e financeiras,Banco/financeira,36583700.0,"FC FINANCEIRA S.A. - CRÉDITO, FINANCIAMENTO E INVESTIMENTO", ,1,0,2,3,5554, ,5554,
2021,2º,Demais bancos e financeiras,Banco/financeira,411939.0,"FINAMAX S.A. - CREDITO, FINANCIAMENTO E INVESTIMENTO", ,0,2,4,6,85499,1689,83865,
2021,2º,Demais bancos e financeiras,Banco/financeira,4230630.0,"JBCRED S.A. SOCIEDADE DE CREDITO, FINANCIAMENTO E INVESTIMENTO", ,2,4,8,14,51049, ,51049,
2021,2º,Demais bancos e financeiras,Banco/financeira,11271860.0,"LEBES FINANCEIRA S.A. - CRÉDITO, FINANCIAMENTO E INVESTIMENTO", ,2,0,0,2,248335,4,248331,
2021,2º,Demais bancos e financeiras,Banco/financeira,7747410.0,M PAGAMENTOS S.A. - CRÉDITO FINANCIAMENTO E INVESTIMENTO, ,3,0,4,7,565126, ,565126,
2021,2º,Top 10 - Bancos e Financeiras,Banco/financeira,9464032.0,"MIDWAY S.A. - CRÉDITO, FINANCIAMENTO E INVESTIMENTO","2,45",26,78,57,161,10604729,15784,10597182,
2021,2º,Demais bancos e financeiras,Banco/financeira,4379829.0,"NEGRESCO S.A. - CREDITO, FINANCIAMENTO E INVESTIMENTOS", ,0,2,1,3,427479,675,426804,
2021,2º,Demais bancos e financeiras,Banco/financeira,74828799.0,NOVO BANCO CONTINENTAL S.A. - BANCO MÚLTIPLO, ,13,51,0,64,94773,3107,92103,
2021,2º,Demais bancos e financeiras,Banco/financeira,3311443.0,"PARATI - CREDITO, FINANCIAMENTO E INVESTIMENTO S.A.", ,28,9,2,39,1616, ,1616,
2021,2º,Demais bancos e financeiras,Banco/financeira,43180355.0,"PEFISA S.A. - CRÉDITO, FINANCIAMENTO E INVESTIMENTO","17,46",115,50,27,192,6583040,6167980,2911088,
2021,2º,Demais bancos e financeiras,Banco/financeira,1800019.0,"PORTOCRED S.A. - CREDITO, FINANCIAMENTO E INVESTIMENTO", ,29,39,17,85,226210,3382,222831,
2021,2º,Demais bancos e financeiras,Banco/financeira,27351731.0,"REALIZE CRÉDITO, FINANCIAMENTO E INVESTIMENTO S.A.", ,26,49,28,103,4814788,48,4814765,
2021,2º,Demais bancos e financeiras,Banco/financeira,5503849.0,"SANTANA S.A. - CRÉDITO, FINANCIAMENTO E INVESTIMENTO", ,0,2,2,4,29406,1253,28155,
2021,2º,Demais bancos e financeiras,Banco/financeira,3881423.0,"SOCINAL S.A. - CRÉDITO, FINANCIAMENTO E INVESTIMENTO", ,1,5,9,15,1992,467,1525,
2021,2º,Demais bancos e financeiras,Banco/financeira,5192316.0,"VIA CERTA FINANCIADORA S.A. - CRÉDITO, FINANCIAMENTO E INVESTIMENTOS", ,1,3,2,6,407511,1010,406505,
2021,2º,Demais bancos e financeiras,Banco/financeira,23862762.0,"WILL FINANCEIRA S.A. CRÉDITO, FINANCIAMENTO E INVESTIMENTO","26,70",46,9,16,71,1722341,1721730,406890,
2021,3º,Demais bancos e financeiras,Banco/financeira,36321990.0,"AGORACRED S/A SOCIEDADE DE CRÉDITO, FINANCIAMENTO E INVESTIMENTO", ,3,1,2,6,453405,130,453275,
2021,3º,Demais bancos e financeiras,Banco/financeira,27214112.0,"AL5 S.A. CRÉDITO, FINANCIAMENTO E INVESTIMENTO", ,4,0,6,10,18217,9981,11683,
2021,3º,Demais bancos e financeiras,Banco/financeira,3532415.0,BANCO ABN AMRO S.A., ,0,0,1,1,41,41,1,
2021,3º,Demais bancos e financeiras,Banco/financeira,54403563.0,BANCO ARBI S.A., ,1,9,1,11,28673,20319,8520,
2021,3º,Demais bancos e financeiras,Banco/financeira,33132044.0,BANCO CEDULA S.A., ,0,1,0,1,18022,2815,15434,
2021,3º,Demais bancos e financeiras,Banco/financeira,2992446.0,BANCO CNH INDUSTRIAL CAPITAL S.A., ,0,0,1,1,28309,1234,27347,
2021,3º,Demais bancos e financeiras,Banco/financeira,8357240.0,BANCO CSF S.A.,"14,94",111,89,59,259,7425297, ,7425297,
2021,3º,Demais bancos e financeiras,Banco/financeira,4902979.0,BANCO DA AMAZONIA S.A., ,2,4,8,14,551874,473802,194373,
2021,3º,Demais bancos e financeiras,Banco/financeira,10690848.0,BANCO DA CHINA BRASIL S.A., ,1,0,0,1,481,457,39,
2021,3º,Demais bancos e financeiras,Banco/financeira,33042151.0,BANCO DE LA NACION ARGENTINA, ,0,1,0,1,256,244,21,
2021,3º,Demais bancos e financeiras,Banco/financeira,92874270.0,BANCO DIGIMAIS S.A.,"258,94",102,28,34,164,393906,266246,192853,
2021,3º,Demais bancos e financeiras,Banco/financeira,27098060.0,BANCO DIGIO S.A.,"31,05",58,108,71,237,1867547,1096662,1553737,
2021,3º,Demais bancos e financeiras,Banco/financeira,13009717.0,BANCO DO ESTADO DE SERGIPE S.A., ,10,23,17,50,1082245,831407,621508,
2021,3º,Demais bancos e financeiras,Banco/financeira,4913711.0,BANCO DO ESTADO DO PARÁ S.A.,"42,87",39,23,23,85,909670,786497,405982,
2021,3º,Demais bancos e financeiras,Banco/financeira,7237373.0,BANCO DO NORDESTE DO BRASIL S.A., ,13,23,37,73,8844660,8261233,3268835,
2021,3º,Demais bancos e financeiras,Banco/financeira,58616418.0,BANCO FIBRA S.A., ,0,0,1,1,163670,4092,160152,
2021,3º,Demais bancos e financeiras,Banco/financeira,62237425.0,BANCO FIDIS S/A, ,0,7,4,11,4661,147,4533,
2021,3º,Demais bancos e financeiras,Banco/financeira,53518684.0,BANCO HSBC S.A., ,0,0,2,2,3087,3074,58,
2021,3º,Demais bancos e financeiras,Banco/financeira,4866275.0,BANCO INBURSA S.A., ,5,5,5,15,14726,9,14717,
2021,3º,Demais bancos e financeiras,Banco/financeira,78632767.0,BANCO OURINVEST S.A., ,5,2,0,7,50060,47319,2771,
2021,3º,Demais bancos e financeiras,Banco/financeira,61820817.0,BANCO PAULISTA S.A., ,1,0,2,3,28238,7793,20692,
2021,3º,Demais bancos e financeiras,Banco/financeira,795423.0,BANCO SEMEAR S.A., ,2,2,0,4,270979,3638,267795,
2021,3º,Demais bancos e financeiras,Banco/financeira,11970623.0,BANCO SENFF S.A., ,1,4,1,6,109166,40042,70102,
2021,3º,Demais bancos e financeiras,Banco/financeira,7679404.0,BANCO TOPÁZIO S.A., ,4,5,2,11,43686,15291,30304,
2021,3º,Demais bancos e financeiras,Banco/financeira,3215790.0,BANCO TOYOTA DO BRASIL S.A., ,1,4,3,8,155981,15264,141643,
2021,3º,Demais bancos e financeiras,Banco/financeira,17351180.0,BANCO TRIANGULO S.A., ,10,15,6,31,2025332,439855,1847196,
2021,3º,Demais bancos e financeiras,Banco/financeira,45283173.0,BBVA BRASIL BANCO DE INVESTIMENTO S.A., ,0,0,1,1,0,0,0,
2021,3º,Demais bancos e financeiras,Banco/financeira,11285104.0,"BIORC FINANCEIRA - CRÉDITO, FINANCIAMENTO E INVESTIMENTO S.A.", ,0,0,1,1,18321,251,18070,
2021,3º,Demais bancos e financeiras,Banco/financeira,12865507.0,"BRK S.A. CRÉDITO, FINANCIAMENTO E INVESTIMENTO", ,0,0,1,1,6482,715,5970,
2021,3º,Demais bancos e financeiras,Banco/financeira,9313766.0,"CARUANA S.A. - SOCIEDADE DE CRÉDITO, FINANCIAMENTO E INVESTIMENTO", ,2,2,3,7,76719,70930,16272,
2021,3º,Demais bancos e financeiras,Banco/financeira,15581638.0,FACTA FINANCEIRA S.A. - CRÉDITO FINANCIAMENTO E INVESTIMENTO,"458,43",131,272,25,428,285752,681,285077,
2021,3º,Demais bancos e financeiras,Banco/financeira,36583700.0,"FC FINANCEIRA S.A. - CRÉDITO, FINANCIAMENTO E INVESTIMENTO", ,1,1,0,2,11153, ,11153,
2021,3º,Demais bancos e financeiras,Banco/financeira,411939.0,"FINAMAX S.A. - CREDITO, FINANCIAMENTO E INVESTIMENTO", ,0,1,4,5,85526,1653,83930,
2021,3º,Demais bancos e financeiras,Banco/financeira,17453575.0,ICBC DO BRASIL BANCO MÚLTIPLO S.A., ,0,1,0,1,187,175,24,
2021,3º,Demais bancos e financeiras,Banco/financeira,4230630.0,"JBCRED S.A. SOCIEDADE DE CREDITO, FINANCIAMENTO E INVESTIMENTO", ,0,6,1,7,52001, ,52001,
2021,3º,Demais bancos e financeiras,Banco/financeira,11271860.0,"LEBES FINANCEIRA S.A. - CRÉDITO, FINANCIAMENTO E INVESTIMENTO", ,1,2,0,3,249991,4,249987,
2021,3º,Demais bancos e financeiras,Banco/financeira,7747410.0,M PAGAMENTOS S.A. - CRÉDITO FINANCIAMENTO E INVESTIMENTO, ,3,6,5,14,626141, ,626141,
2021,3º,Demais bancos e financeiras,Banco/financeira,9464032.0,"MIDWAY S.A. - CRÉDITO, FINANCIAMENTO E INVESTIMENTO", ,22,102,52,176,10572319,286354,10523154,
2021,3º,Demais bancos e financeiras,Banco/financeira,4379829.0,"NEGRESCO S.A. - CREDITO, FINANCIAMENTO E INVESTIMENTOS", ,0,1,0,1,434448,677,433771,
2021,3º,Demais bancos e financeiras,Banco/financeira,74828799.0,NOVO BANCO CONTINENTAL S.A. - BANCO MÚLTIPLO, ,5,29,0,34,99651,3135,96953,
2021,3º,Demais bancos e financeiras,Banco/financeira,3311443.0,"PARATI - CREDITO, FINANCIAMENTO E INVESTIMENTO S.A.","14.015,05",54,21,1,76,3853, ,3853,
2021,3º,Demais bancos e financeiras,Banco/financeira,43180355.0,"PEFISA S.A. - CRÉDITO, FINANCIAMENTO E INVESTIMENTO","12,79",87,59,22,168,6798337,6588214,2507474,
2021,3º,Demais bancos e financeiras,Banco/financeira,1800019.0,"PORTOCRED S.A. - CREDITO, FINANCIAMENTO E INVESTIMENTO", ,19,32,17,68,225158,1,225157,
2021,3º,Demais bancos e financeiras,Banco/financeira,27351731.0,"REALIZE CRÉDITO, FINANCIAMENTO E INVESTIMENTO S.A.", ,10,39,21,70,4873514,51,4873489,
2021,3º,Demais bancos e financeiras,Banco/financeira,5503849.0,"SANTANA S.A. - CRÉDITO, FINANCIAMENTO E INVESTIMENTO", ,0,1,0,1,29858,1259,28602,
2021,3º,Demais bancos e financeiras,Banco/financeira,122327.0,"SANTINVEST S.A. - CREDITO, FINANCIAMENTO E INVESTIMENTOS", ,1,4,0,5,14007,592,13415,
2021,3º,Demais bancos e financeiras,Banco/financeira,3881423.0,"SOCINAL S.A. - CRÉDITO, FINANCIAMENTO E INVESTIMENTO", ,1,3,7,11,2088,460,1628,
2021,3º,Demais bancos e financeiras,Banco/financeira,41498340.0,"TENTOS S.A. CRÉDITO, FINANCIAMENTO E INVESTIMENTO", ,1,0,0,1,129, ,129,
2021,3º,Demais bancos e financeiras,Banco/financeira,9473806.0,"TODESCREDI S/A - CRÉDITO, FINANCIAMENTO E INVESTIMENTO", ,0,0,1,1,37627,11,37616,
2021,3º,Demais bancos e financeiras,Banco/financeira,5192316.0,"VIA CERTA FINANCIADORA S.A. - CRÉDITO, FINANCIAMENTO E INVESTIMENTOS", ,2,3,1,6,405846,1385,404867,
2021,3º,Demais bancos e financeiras,Banco/financeira,23862762.0,"WILL FINANCEIRA S.A. CRÉDITO, FINANCIAMENTO E INVESTIMENTO","18,99",35,43,33,111,1842985,1842425,391779,
2021,4º,"Demais Bancos, Financeiras e Instituições de Pagamento",Banco/financeira,13140088.0,ACESSO SOLUÇÕES DE PAGAMENTO S.A.,"20,87",42,28,5,75,2011869,2011869, ,
2021,4º,"Demais Bancos, Financeiras e Instituições de Pagamento",Banco/financeira,36321990.0,"AGORACRED S/A SOCIEDADE DE CRÉDITO, FINANCIAMENTO E INVESTIMENTO", ,2,2,1,5,473823,130,473693,
2021,4º,"Demais Bancos, Financeiras e Instituições de Pagamento",Banco/financeira,27214112.0,"AL5 S.A. CRÉDITO, FINANCIAMENTO E INVESTIMENTO", ,2,5,5,12,23421,13123,14355,
2021,4º,"Demais Bancos, Financeiras e Instituições de Pagamento",Banco/financeira,19540550.0,ASAAS GESTÃO FINANCEIRA INSTITUIÇÃO DE PAGAMENTO S.A., ,0,3,1,4,249654,249654, ,
2021,4º,"Demais Bancos, Financeiras e Instituições de Pagamento",Banco/financeira,3532415.0,BANCO ABN AMRO S.A., ,0,0,2,2,26,26,1,
2021,4º,"Demais Bancos, Financeiras e Instituições de Pagamento",Banco/financeira,54403563.0,BANCO ARBI S.A., ,8,14,2,24,38372,30210,8698,
2021,4º,"Demais Bancos, Financeiras e Instituições de Pagamento",Banco/financeira,33132044.0,BANCO CEDULA S.A., ,2,0,0,2,18016,2809,15432,
2021,4º,"Demais Bancos, Financeiras e Instituições de Pagamento",Banco/financeira,2992446.0,BANCO CNH INDUSTRIAL CAPITAL S.A., ,0,1,0,1,28397,1230,27318,
2021,4º,"Demais Bancos, Financeiras e Instituições de Pagamento",Banco/financeira,8357240.0,BANCO CSF S.A.,"13,88",102,99,60,261,7348002, ,7348002,
2021,4º,"Demais Bancos, Financeiras e Instituições de Pagamento",Banco/financeira,4902979.0,BANCO DA AMAZONIA S.A., ,1,3,4,8,556710,480440,194083,
2021,4º,"Demais Bancos, Financeiras e Instituições de Pagamento",Banco/financeira,10690848.0,BANCO DA CHINA BRASIL S.A., ,0,1,0,1,528,503,41,
2021,4º,"Demais Bancos, Financeiras e Instituições de Pagamento",Banco/financeira,5040481.0,BANCO DE LAGE LANDEN BRASIL S.A., ,0,1,0,1,34810,3,34808,
2021,4º,"Demais Bancos, Financeiras e Instituições de Pagamento",Banco/financeira,92874270.0,BANCO DIGIMAIS S.A.,"444,90",202,29,55,286,454034,302771,209881,
2021,4º,"Demais Bancos, Financeiras e Instituições de Pagamento",Banco/financeira,27098060.0,BANCO DIGIO S.A.,"67,40",133,97,44,274,1973142,1349497,1500737,
2021,4º,"Demais Bancos, Financeiras e Instituições de Pagamento",Banco/financeira,13009717.0,BANCO DO ESTADO DE SERGIPE S.A., ,29,30,19,78,1094338,827042,642079,
2021,4º,"Demais Bancos, Financeiras e Instituições de Pagamento",Banco/financeira,4913711.0,BANCO DO ESTADO DO PARÁ S.A.,"33,51",31,21,21,73,924951,801524,412094,
2021,4º,"Demais Bancos, Financeiras e Instituições de Pagamento",Banco/financeira,7237373.0,BANCO DO NORDESTE DO BRASIL S.A., ,5,34,26,65,8967632,8384030,3314376,
2021,4º,"Demais Bancos, Financeiras e Instituições de Pagamento",Banco/financeira,58616418.0,BANCO FIBRA S.A., ,1,2,0,3,164195,4262,160535,
2021,4º,"Demais Bancos, Financeiras e Instituições de Pagamento",Banco/financeira,31880826.0,BANCO GUANABARA S.A., ,1,0,0,1,2296,2240,378,
2021,4º,"Demais Bancos, Financeiras e Instituições de Pagamento",Banco/financeira,53518684.0,BANCO HSBC S.A., ,0,3,3,6,3331,3318,71,
2021,4º,"Demais Bancos, Financeiras e Instituições de Pagamento",Banco/financeira,4866275.0,BANCO INBURSA S.A., ,10,18,6,34,19313,9,19304,
2021,4º,"Demais Bancos, Financeiras e Instituições de Pagamento",Banco/financeira,23903068.0,BANCO KOMATSU DO BRASIL S.A., ,0,1,0,1,726,716,700,
2021,4º,"Demais Bancos, Financeiras e Instituições de Pagamento",Banco/financeira,59118133.0,BANCO LUSO BRASILEIRO S.A., ,0,1,0,1,9589,4653,5303,
2021,4º,"Demais Bancos, Financeiras e Instituições de Pagamento",Banco/financeira,78632767.0,BANCO OURINVEST S.A., ,2,2,0,4,88234,85073,3199,
2021,4º,"Demais Bancos, Financeiras e Instituições de Pagamento",Banco/financeira,61820817.0,BANCO PAULISTA S.A., ,2,1,0,3,29632,7826,22077,
2021,4º,"Demais Bancos, Financeiras e Instituições de Pagamento",Banco/financeira,1023570.0,BANCO RABOBANK INTERNATIONAL BRASIL S.A., ,0,1,0,1,3933,3748,1744,
2021,4º,"Demais Bancos, Financeiras e Instituições de Pagamento",Banco/financeira,517645.0,BANCO RIBEIRAO PRETO S.A., ,0,0,1,1,3988,3815,1881,
2021,4º,"Demais Bancos, Financeiras e Instituições de Pagamento",Banco/financeira,795423.0,BANCO SEMEAR S.A., ,5,2,2,9,288254,4042,284806,
2021,4º,"Demais Bancos, Financeiras e Instituições de Pagamento",Banco/financeira,11970623.0,BANCO SENFF S.A., ,3,1,1,5,158470,87682,72863,
2021,4º,"Demais Bancos, Financeiras e Instituições de Pagamento",Banco/financeira,7679404.0,BANCO TOPÁZIO S.A., ,5,8,0,13,16284,15063,3043,
2021,4º,"Demais Bancos, Financeiras e Instituições de Pagamento",Banco/financeira,17351180.0,BANCO TRIANGULO S.A., ,10,15,15,40,1977611,565322,1791767,
2021,4º,"Demais Bancos, Financeiras e Instituições de Pagamento",Banco/financeira,13370835.0,BPP INSTITUIÇÃO DE PAGAMENTO S.A.,"16,85",32,25,4,61,1898746,1898746, ,
2021,4º,"Demais Bancos, Financeiras e Instituições de Pagamento",Banco/financeira,37122487.0,"CALCRED S.A. - CRÉDITO, FINANCIAMENTO E INVESTIMENTO", ,0,0,1,1,2813, ,2813,
2021,4º,"Demais Bancos, Financeiras e Instituições de Pagamento",Banco/financeira,9313766.0,"CARUANA S.A. - SOCIEDADE DE CRÉDITO, FINANCIAMENTO E INVESTIMENTO", ,4,0,2,6,59274,54298,15589,
2021,4º,"Demais Bancos, Financeiras e Instituições de Pagamento",Banco/financeira,13935893.0,CELCOIN INSTITUICAO DE PAGAMENTO S.A., ,4,4,6,14,0,0,0,
2021,4º,"Demais Bancos, Financeiras e Instituições de Pagamento",Banco/financeira,1027058.0,CIELO S.A., ,28,23,47,98,122732,122628,104,
2021,4º,"Demais Bancos, Financeiras e Instituições de Pagamento",Banco/financeira,62895230.0,CREDI-SHOP S/A - INSTITUIÇÃO DE PAGAMENTO, ,0,1,0,1,724468, ,724468,
2021,4º,"Demais Bancos, Financeiras e Instituições de Pagamento",Banco/financeira,21018182.0,EBANX INSTITUICAO DE PAGAMENTOS LTDA.,"102,12",48,26,4,78,470025,470023,2,
2021,4º,"Demais Bancos, Financeiras e Instituições de Pagamento",Banco/financeira,39321657.0,FACEBOOK INSTITUIÇÃO DE PAGAMENTO DO BRASIL LTDA., ,0,0,2,2,0,0,0,
2021,4º,"Demais Bancos, Financeiras e Instituições de Pagamento",Banco/financeira,15581638.0,FACTA FINANCEIRA S.A. - CRÉDITO FINANCIAMENTO E INVESTIMENTO,"339,53",156,415,31,602,459457,682,458779,
2021,4º,"Demais Bancos, Financeiras e Instituições de Pagamento",Banco/financeira,36583700.0,"FC FINANCEIRA S.A. - CRÉDITO, FINANCIAMENTO E INVESTIMENTO", ,1,2,0,3,15595, ,15595,
2021,4º,"Demais Bancos, Financeiras e Instituições de Pagamento",Banco/financeira,411939.0,"FINAMAX S.A. - CREDITO, FINANCIAMENTO E INVESTIMENTO", ,0,3,6,9,85821,1630,84240,
2021,4º,"Demais Bancos, Financeiras e Instituições de Pagamento",Banco/financeira,13203354.0,FITBANK PAGAMENTOS ELETRONICOS S.A., ,1,1,0,2,582,582, ,
2021,4º,"Demais Bancos, Financeiras e Instituições de Pagamento",Banco/financeira,2732968.0,FORTBRASIL ADMINISTRADORA DE CARTOES DE CREDITO S/A, ,13,6,5,24,622170, ,622170,
2021,4º,"Demais Bancos, Financeiras e Instituições de Pagamento",Banco/financeira,6339468.0,"GRAZZIOTIN FINANCIADORA S/A - CRÉDITO, FINANCIAMENTO E INVESTIMENTOS", ,0,0,1,1,32555,1,32554,
2021,4º,"Demais Bancos, Financeiras e Instituições de Pagamento",Banco/financeira,13884775.0,HUB PAGAMENTOS S.A, ,9,17,3,29,2657176,2657176, ,
2021,4º,"Demais Bancos, Financeiras e Instituições de Pagamento",Banco/financeira,15111975.0,IUGU INSTITUIÇÃO DE PAGAMENTO S.A., ,1,1,1,3,0,0,0,
2021,4º,"Demais Bancos, Financeiras e Instituições de Pagamento",Banco/financeira,4230630.0,"JBCRED S.A. SOCIEDADE DE CREDITO, FINANCIAMENTO E INVESTIMENTO", ,0,4,3,7,53834, ,53834,
2021,4º,"Demais Bancos, Financeiras e Instituições de Pagamento",Banco/financeira,11271860.0,"LEBES FINANCEIRA S.A. - CRÉDITO, FINANCIAMENTO E INVESTIMENTO", ,1,2,5,8,263553,5,263549,
2021,4º,"Demais Bancos, Financeiras e Instituições de Pagamento",Banco/financeira,7747410.0,M PAGAMENTOS S.A. - CRÉDITO FINANCIAMENTO E INVESTIMENTO, ,3,8,1,12,552627, ,552627,
2021,4º,"Top 15 - Bancos, Financeiras e Instituições de Pagamento",Banco/financeira,9464032.0,"MIDWAY S.A. - CRÉDITO, FINANCIAMENTO E INVESTIMENTO","2,63",28,106,35,169,10613765,1109591,10456015,
2021,4º,"Demais Bancos, Financeiras e Instituições de Pagamento",Banco/financeira,4379829.0,"NEGRESCO S.A. - CREDITO, FINANCIAMENTO E INVESTIMENTOS", ,0,5,0,5,441953,686,441268,
2021,4º,"Demais Bancos, Financeiras e Instituições de Pagamento",Banco/financeira,20855875.0,NEON PAGAMENTOS S.A.,"324,25",210,108,47,365,647641, ,647641,
2021,4º,"Demais Bancos, Financeiras e Instituições de Pagamento",Banco/financeira,74828799.0,NOVO BANCO CONTINENTAL S.A. - BANCO MÚLTIPLO, ,17,79,0,96,121786,3155,119057,
2021,4º,"Demais Bancos, Financeiras e Instituições de Pagamento",Banco/financeira,3311443.0,"PARATI - CREDITO, FINANCIAMENTO E INVESTIMENTO S.A.","16.699,13",60,39,6,105,3593, ,3593,
2021,4º,"Demais Bancos, Financeiras e Instituições de Pagamento",Banco/financeira,10878448.0,PAYPAL DO BRASIL SERVICOS DE PAGAMENTOS LTDA,"3,65",32,58,9,99,8746269,8746267,3,
2021,4º,"Demais Bancos, Financeiras e Instituições de Pagamento",Banco/financeira,43180355.0,"PEFISA S.A. - CRÉDITO, FINANCIAMENTO E INVESTIMENTO","13,18",95,41,17,153,7207087,7004578,2587911,
2021,4º,"Demais Bancos, Financeiras e Instituições de Pagamento",Banco/financeira,1800019.0,"PORTOCRED S.A. - CREDITO, FINANCIAMENTO E INVESTIMENTO", ,13,26,13,52,232901,1,232900,
2021,4º,"Demais Bancos, Financeiras e Instituições de Pagamento",Banco/financeira,27351731.0,"REALIZE CRÉDITO, FINANCIAMENTO E INVESTIMENTO S.A.", ,12,56,18,86,5366646,58,5366622,
2021,4º,"Demais Bancos, Financeiras e Instituições de Pagamento",Banco/financeira,65697260.0,REPOM S.A., ,1,0,1,2,264544,264542,4,
2021,4º,"Demais Bancos, Financeiras e Instituições de Pagamento",Banco/financeira,122327.0,"SANTINVEST S.A. - CREDITO, FINANCIAMENTO E INVESTIMENTOS", ,0,4,0,4,10969,564,10405,
2021,4º,"Demais Bancos, Financeiras e Instituições de Pagamento",Banco/financeira,5503849.0,"SF3 CRÉDITO, FINANCIAMENTO E INVESTIMENTO S.A.", ,0,1,1,2,30369,1259,29113,
2021,4º,"Demais Bancos, Financeiras e Instituições de Pagamento",Banco/financeira,3881423.0,"SOCINAL S.A. - CRÉDITO, FINANCIAMENTO E INVESTIMENTO", ,4,3,9,16,2151,458,1693,
2021,4º,"Demais Bancos, Financeiras e Instituições de Pagamento",Banco/financeira,9473806.0,"TODESCREDI S/A - CRÉDITO, FINANCIAMENTO E INVESTIMENTO", ,0,0,1,1,37822,12,37810,
2021,4º,"Demais Bancos, Financeiras e Instituições de Pagamento",Banco/financeira,1722480.0,VERDE - ADMINISTRADORA DE CARTOES DE CREDITO S.A., ,2,7,2,11,435518, ,435518,
2021,4º,"Demais Bancos, Financeiras e Instituições de Pagamento",Banco/financeira,5192316.0,"VIA CERTA FINANCIADORA S.A. - CRÉDITO, FINANCIAMENTO E INVESTIMENTOS", ,4,4,1,9,416742,2167,415345,
2021,4º,"Demais Bancos, Financeiras e Instituições de Pagamento",Banco/financeira,23862762.0,"WILL FINANCEIRA S.A. CRÉDITO, FINANCIAMENTO E INVESTIMENTO","19,87",41,31,22,94,2062720,2062055,440454,
2022,1º,"Demais Bancos, Financeiras e Instituições de Pagamento",Banco/financeira,13140088.0,ACESSO SOLUÇÕES DE PAGAMENTO S.A.,"13,24",30,38,3,71,2265540,2265540, ,
2022,1º,"Demais Bancos, Financeiras e Instituições de Pagamento",Banco/financeira,36321990.0,"AGORACRED S/A SOCIEDADE DE CRÉDITO, FINANCIAMENTO E INVESTIMENTO", ,1,2,2,5,497481,132,497349,
2022,1º,"Demais Bancos, Financeiras e Instituições de Pagamento",Banco/financeira,27214112.0,"AL5 S.A. CRÉDITO, FINANCIAMENTO E INVESTIMENTO", ,0,2,3,5,27283,15337,16622,
2022,1º,"Demais Bancos, Financeiras e Instituições de Pagamento",Banco/financeira,19540550.0,ASAAS GESTÃO FINANCEIRA INSTITUIÇÃO DE PAGAMENTO S.A., ,3,11,2,16,296526,296526, ,
2022,1º,"Demais Bancos, Financeiras e Instituições de Pagamento",Banco/financeira,54403563.0,BANCO ARBI S.A., ,7,13,0,20,48842,40411,9387,
2022,1º,"Demais Bancos, Financeiras e Instituições de Pagamento",Banco/financeira,997185.0,BANCO B3 S.A., ,1,0,3,4,874,874, ,
2022,1º,"Demais Bancos, Financeiras e Instituições de Pagamento",Banco/financeira,33132044.0,BANCO CEDULA S.A., ,0,2,0,2,18016,2809,15430,
2022,1º,"Demais Bancos, Financeiras e Instituições de Pagamento",Banco/financeira,2992446.0,BANCO CNH INDUSTRIAL CAPITAL S.A., ,2,0,0,2,29075,1232,27996,
2022,1º,"Demais Bancos, Financeiras e Instituições de Pagamento",Banco/financeira,8357240.0,BANCO CSF S.A.,"12,63",94,86,26,206,7437471, ,7437471,
2022,1º,"Demais Bancos, Financeiras e Instituições de Pagamento",Banco/financeira,4902979.0,BANCO DA AMAZONIA S.A., ,3,3,5,11,563256,488547,195226,
2022,1º,"Demais Bancos, Financeiras e Instituições de Pagamento",Banco/financeira,92874270.0,BANCO DIGIMAIS S.A.,"657,93",217,48,44,309,329820,172712,211804,
2022,1º,"Demais Bancos, Financeiras e Instituições de Pagamento",Banco/financeira,13009717.0,BANCO DO ESTADO DE SERGIPE S.A., ,21,22,13,56,1106905,832301,650078,
2022,1º,"Demais Bancos, Financeiras e Instituições de Pagamento",Banco/financeira,4913711.0,BANCO DO ESTADO DO PARÁ S.A., ,19,25,14,58,943319,820262,419303,
2022,1º,"Demais Bancos, Financeiras e Instituições de Pagamento",Banco/financeira,7237373.0,BANCO DO NORDESTE DO BRASIL S.A., ,9,26,31,66,9079293,8496689,3340534,
2022,1º,"Demais Bancos, Financeiras e Instituições de Pagamento",Banco/financeira,58616418.0,BANCO FIBRA S.A., ,1,1,0,2,163906,4390,160140,
2022,1º,"Demais Bancos, Financeiras e Instituições de Pagamento",Banco/financeira,62237425.0,BANCO FIDIS S/A, ,1,0,0,1,892,179,733,
2022,1º,"Demais Bancos, Financeiras e Instituições de Pagamento",Banco/financeira,53518684.0,BANCO HSBC S.A., ,0,0,5,5,3528,3515,76,
2022,1º,"Demais Bancos, Financeiras e Instituições de Pagamento",Banco/financeira,4866275.0,BANCO INBURSA S.A., ,12,7,4,23,20983,10,20973,
2022,1º,"Demais Bancos, Financeiras e Instituições de Pagamento",Banco/financeira,33588252.0,BANCO INDUSCRED DE INVESTIMENTO S.A., ,1,0,0,1,104,27,84,
2022,1º,"Demais Bancos, Financeiras e Instituições de Pagamento",Banco/financeira,78632767.0,BANCO OURINVEST S.A., ,2,8,1,11,131481,127917,3611,
2022,1º,"Demais Bancos, Financeiras e Instituições de Pagamento",Banco/financeira,61820817.0,BANCO PAULISTA S.A., ,10,0,0,10,46760,7922,39134,
2022,1º,"Demais Bancos, Financeiras e Instituições de Pagamento",Banco/financeira,1023570.0,BANCO RABOBANK INTERNATIONAL BRASIL S.A., ,0,1,0,1,3831,3643,1751,
2022,1º,"Demais Bancos, Financeiras e Instituições de Pagamento",Banco/financeira,80271455.0,BANCO RNX S.A., ,0,0,1,1,2261,57,2219,
2022,1º,"Demais Bancos, Financeiras e Instituições de Pagamento",Banco/financeira,795423.0,BANCO SEMEAR S.A., ,0,2,1,3,311109,4418,307467,
2022,1º,"Demais Bancos, Financeiras e Instituições de Pagamento",Banco/financeira,7679404.0,BANCO TOPÁZIO S.A., ,1,2,2,5,13722,12530,2947,
2022,1º,"Demais Bancos, Financeiras e Instituições de Pagamento",Banco/financeira,17351180.0,BANCO TRIANGULO S.A., ,11,21,11,43,1938394,633710,1737249,
2022,1º,"Demais Bancos, Financeiras e Instituições de Pagamento",Banco/financeira,20443996.0,"BECKER FINANCEIRA S.A. - CRÉDITO, FINANCIAMENTO E INVESTIMENTO", ,0,0,1,1,146480,7,146476,
2022,1º,"Demais Bancos, Financeiras e Instituições de Pagamento",Banco/financeira,11285104.0,"BIORC FINANCEIRA - CRÉDITO, FINANCIAMENTO E INVESTIMENTO S.A.", ,0,1,0,1,18268,254,18014,
2022,1º,"Demais Bancos, Financeiras e Instituições de Pagamento",Banco/financeira,13370835.0,BPP INSTITUIÇÃO DE PAGAMENTO S.A.,"18,40",36,18,3,57,1955803,1955803, ,
2022,1º,"Demais Bancos, Financeiras e Instituições de Pagamento",Banco/financeira,9313766.0,"CARUANA S.A. - SOCIEDADE DE CRÉDITO, FINANCIAMENTO E INVESTIMENTO", ,0,2,0,2,60157,54810,13824,
2022,1º,"Demais Bancos, Financeiras e Instituições de Pagamento",Banco/financeira,13935893.0,CELCOIN INSTITUICAO DE PAGAMENTO S.A., ,5,5,2,12,0, , ,
2022,1º,"Demais Bancos, Financeiras e Instituições de Pagamento",Banco/financeira,1027058.0,CIELO S.A., ,21,27,25,73,146900,146794,106,
2022,1º,"Demais Bancos, Financeiras e Instituições de Pagamento",Banco/financeira,62895230.0,CREDI-SHOP S/A - INSTITUIÇÃO DE PAGAMENTO, ,0,3,0,3,718253, ,718253,
2022,1º,"Demais Bancos, Financeiras e Instituições de Pagamento",Banco/financeira,21018182.0,EBANX INSTITUICAO DE PAGAMENTOS LTDA.,"173,53",93,98,16,207,535917,535915,2,
2022,1º,"Demais Bancos, Financeiras e Instituições de Pagamento",Banco/financeira,39321657.0,FACEBOOK INSTITUIÇÃO DE PAGAMENTO DO BRASIL LTDA., ,0,0,1,1,0, , ,
2022,1º,"Demais Bancos, Financeiras e Instituições de Pagamento",Banco/financeira,15581638.0,FACTA FINANCEIRA S.A. - CRÉDITO FINANCIAMENTO E INVESTIMENTO,"134,16",75,258,20,353,559026,682,558350,
2022,1º,"Demais Bancos, Financeiras e Instituições de Pagamento",Banco/financeira,36583700.0,"FC FINANCEIRA S.A. - CRÉDITO, FINANCIAMENTO E INVESTIMENTO", ,1,0,0,1,17470, ,17470,
2022,1º,"Demais Bancos, Financeiras e Instituições de Pagamento",Banco/financeira,411939.0,"FINAMAX S.A. - CREDITO, FINANCIAMENTO E INVESTIMENTO", ,1,0,1,2,85967,1623,84383,
2022,1º,"Demais Bancos, Financeiras e Instituições de Pagamento",Banco/financeira,2732968.0,FORTBRASIL ADMINISTRADORA DE CARTOES DE CREDITO S/A, ,1,3,0,4,653498, ,653498,
2022,1º,"Demais Bancos, Financeiras e Instituições de Pagamento",Banco/financeira,10314753.0,GREEN NET INSTITUIÇÃO DE PAGAMENTO LTDA, ,0,0,1,1,0, , ,
2022,1º,"Demais Bancos, Financeiras e Instituições de Pagamento",Banco/financeira,13884775.0,HUB PAGAMENTOS S.A, ,18,25,3,46,2891451,2891451, ,
2022,1º,"Demais Bancos, Financeiras e Instituições de Pagamento",Banco/financeira,17453575.0,ICBC DO BRASIL BANCO MÚLTIPLO S.A., ,0,2,0,2,208,194,23,
2022,1º,"Demais Bancos, Financeiras e Instituições de Pagamento",Banco/financeira,15111975.0,IUGU INSTITUIÇÃO DE PAGAMENTO S.A., ,7,6,1,14,1381, ,1381,
2022,1º,"Demais Bancos, Financeiras e Instituições de Pagamento",Banco/financeira,4230630.0,"JBCRED S.A. SOCIEDADE DE CREDITO, FINANCIAMENTO E INVESTIMENTO", ,0,5,4,9,57183, ,57183,
2022,1º,"Demais Bancos, Financeiras e Instituições de Pagamento",Banco/financeira,6040559.0,"KREDILIG S.A. - CRÉDITO, FINANCIAMENTO E INVESTIMENTO", ,0,2,0,2,331957,5,331955,
2022,1º,"Demais Bancos, Financeiras e Instituições de Pagamento",Banco/financeira,11271860.0,"LEBES FINANCEIRA S.A. - CRÉDITO, FINANCIAMENTO E INVESTIMENTO", ,0,1,1,2,284124,5,284120,
2022,1º,"Demais Bancos, Financeiras e Instituições de Pagamento",Banco/financeira,7652226.0,"LECCA CRÉDITO, FINANCIAMENTO E INVESTIMENTO S/A", ,2,0,1,3,27174,278,26896,
2022,1º,"Demais Bancos, Financeiras e Instituições de Pagamento",Banco/financeira,7747410.0,M PAGAMENTOS S.A. - CRÉDITO FINANCIAMENTO E INVESTIMENTO, ,6,4,2,12,667419, ,667419,
2022,1º,"Top 15 - Bancos, Financeiras e Instituições de Pagamento",Banco/financeira,9464032.0,"MIDWAY S.A. - CRÉDITO, FINANCIAMENTO E INVESTIMENTO","2,87",31,96,37,164,10786244,1470241,10558992,
2022,1º,"Demais Bancos, Financeiras e Instituições de Pagamento",Banco/financeira,4379829.0,"NEGRESCO S.A. - CREDITO, FINANCIAMENTO E INVESTIMENTOS", ,1,7,1,9,448030,607,447424,
2022,1º,"Demais Bancos, Financeiras e Instituições de Pagamento",Banco/financeira,74828799.0,NOVO BANCO CONTINENTAL S.A. - BANCO MÚLTIPLO, ,3,41,1,45,198099,3202,195343,
2022,1º,"Demais Bancos, Financeiras e Instituições de Pagamento",Banco/financeira,3311443.0,"PARATI - CREDITO, FINANCIAMENTO E INVESTIMENTO S.A.", ,24,41,4,69,45080,44177,1328,
2022,1º,"Demais Bancos, Financeiras e Instituições de Pagamento",Banco/financeira,10878448.0,PAYPAL DO BRASIL SERVICOS DE PAGAMENTOS LTDA,"3,58",34,70,10,114,9476077,9476075,3,
2022,1º,"Demais Bancos, Financeiras e Instituições de Pagamento",Banco/financeira,43180355.0,"PEFISA S.A. - CRÉDITO, FINANCIAMENTO E INVESTIMENTO","10,57",82,38,10,130,7753628,7531149,2667685,
2022,1º,"Demais Bancos, Financeiras e Instituições de Pagamento",Banco/financeira,1800019.0,"PORTOCRED S.A. - CREDITO, FINANCIAMENTO E INVESTIMENTO", ,16,19,9,44,138135,2234,135902,
2022,1º,"Demais Bancos, Financeiras e Instituições de Pagamento",Banco/financeira,1722480.0,QUERO-QUERO VERDECARD INSTITUIÇÃO DE PAGAMENTO S.A., ,4,11,2,17,389143, ,389143,
2022,1º,"Demais Bancos, Financeiras e Instituições de Pagamento",Banco/financeira,27351731.0,"REALIZE CRÉDITO, FINANCIAMENTO E INVESTIMENTO S.A.", ,10,48,24,82,5636382,841,5636356,
2022,1º,"Demais Bancos, Financeiras e Instituições de Pagamento",Banco/financeira,65697260.0,REPOM S.A., ,0,1,0,1,267987,267985,4,
2022,1º,"Demais Bancos, Financeiras e Instituições de Pagamento",Banco/financeira,6249129.0,"RPW S/A SOCIEDADE DE CRÉDITO, FINANCIAMENTO E INVESTIMENTO", ,0,0,1,1,2385, ,2385,
2022,1º,"Demais Bancos, Financeiras e Instituições de Pagamento",Banco/financeira,5503849.0,"SF3 CRÉDITO, FINANCIAMENTO E INVESTIMENTO S.A.", ,0,2,0,2,30878,1282,29599,
2022,1º,"Demais Bancos, Financeiras e Instituições de Pagamento",Banco/financeira,15173776.0,SOCIAL BANK BANCO MÚLTIPLO S/A, ,7,3,5,15,1346,1311,46,
2022,1º,"Demais Bancos, Financeiras e Instituições de Pagamento",Banco/financeira,3881423.0,"SOCINAL S.A. - CRÉDITO, FINANCIAMENTO E INVESTIMENTO", ,5,3,8,16,2230,452,1778,
2022,1º,"Demais Bancos, Financeiras e Instituições de Pagamento",Banco/financeira,41498340.0,"TENTOS S.A. CRÉDITO, FINANCIAMENTO E INVESTIMENTO", ,0,0,1,1,282, ,282,
2022,1º,"Demais Bancos, Financeiras e Instituições de Pagamento",Banco/financeira,9473806.0,"TODESCREDI S/A - CRÉDITO, FINANCIAMENTO E INVESTIMENTO", ,0,0,1,1,36500,12,36488,
2022,1º,"Demais Bancos, Financeiras e Instituições de Pagamento",Banco/financeira,5192316.0,"VIA CERTA FINANCIADORA S.A. - CRÉDITO, FINANCIAMENTO E INVESTIMENTOS", ,2,4,0,6,426258,2456,424797,
2022,1º,"Demais Bancos, Financeiras e Instituições de Pagamento",Banco/financeira,23862762.0,"WILL FINANCEIRA S.A. CRÉDITO, FINANCIAMENTO E INVESTIMENTO", ,23,33,24,80,2452408,2451566,562744,
2022,3º,"Demais Bancos, Financeiras e Instituições de Pagamento",Banco/financeira,13140088.0,ACESSO SOLUÇÕES DE PAGAMENTO S.A.,"14,70",75,128,9,212,5098671,5098661,19396,
2022,3º,"Demais Bancos, Financeiras e Instituições de Pagamento",Banco/financeira,36321990.0,"AGORACRED S/A SOCIEDADE DE CRÉDITO, FINANCIAMENTO E INVESTIMENTO", ,4,4,2,10,534795,133,534662,
2022,3º,"Demais Bancos, Financeiras e Instituições de Pagamento",Banco/financeira,27214112.0,"AL5 S.A. CRÉDITO, FINANCIAMENTO E INVESTIMENTO", ,10,3,2,15,30959,19706,16841,
2022,3º,"Demais Bancos, Financeiras e Instituições de Pagamento",Banco/financeira,32778350.0,AME DIGITAL BRASIL INSTITUICAO DE PAGAMENTO LTDA, ,6,31,90,127,0,0,0,
2022,3º,"Demais Bancos, Financeiras e Instituições de Pagamento",Banco/financeira,19540550.0,ASAAS GESTÃO FINANCEIRA INSTITUIÇÃO DE PAGAMENTO S.A., ,8,42,5,55,404447,404447, ,
2022,3º,"Demais Bancos, Financeiras e Instituições de Pagamento",Banco/financeira,54403563.0,BANCO ARBI S.A., ,14,8,0,22,84526,75882,10846,
2022,3º,"Demais Bancos, Financeiras e Instituições de Pagamento",Banco/financeira,997185.0,BANCO B3 S.A., ,0,1,1,2,896,896, ,
2022,3º,"Demais Bancos, Financeiras e Instituições de Pagamento",Banco/financeira,2658435.0,BANCO CATERPILLAR S.A., ,1,0,0,1,3325, ,3325,
2022,3º,"Demais Bancos, Financeiras e Instituições de Pagamento",Banco/financeira,33132044.0,BANCO CEDULA S.A., ,0,1,1,2,18010,2805,15425,
2022,3º,"Demais Bancos, Financeiras e Instituições de Pagamento",Banco/financeira,2992446.0,BANCO CNH INDUSTRIAL CAPITAL S.A., ,0,2,2,4,28887,1290,27778,
2022,3º,"Demais Bancos, Financeiras e Instituições de Pagamento",Banco/financeira,8357240.0,BANCO CSF S.A.,"9,98",77,72,43,192,7707988, ,7707988,
2022,3º,"Demais Bancos, Financeiras e Instituições de Pagamento",Banco/financeira,4902979.0,BANCO DA AMAZONIA S.A., ,6,7,10,23,507169,507169, ,
2022,3º,"Demais Bancos, Financeiras e Instituições de Pagamento",Banco/financeira,33042151.0,BANCO DE LA NACION ARGENTINA, ,0,2,0,2,267,255,22,
2022,3º,"Demais Bancos, Financeiras e Instituições de Pagamento",Banco/financeira,5040481.0,BANCO DE LAGE LANDEN BRASIL S.A., ,0,0,1,1,35292,4,35289,
2022,3º,"Demais Bancos, Financeiras e Instituições de Pagamento",Banco/financeira,92874270.0,BANCO DIGIMAIS S.A.,"424,80",132,31,33,196,310734,142304,203761,
2022,3º,"Demais Bancos, Financeiras e Instituições de Pagamento",Banco/financeira,13009717.0,BANCO DO ESTADO DE SERGIPE S.A.,"164,66",139,44,33,216,844129,844129, ,
2022,3º,"Demais Bancos, Financeiras e Instituições de Pagamento",Banco/financeira,4913711.0,BANCO DO ESTADO DO PARÁ S.A.,"56,38",56,28,23,107,993127,869557,435700,
2022,3º,"Demais Bancos, Financeiras e Instituições de Pagamento",Banco/financeira,7237373.0,BANCO DO NORDESTE DO BRASIL S.A., ,9,41,48,98,9294372,8720080,3310284,
2022,3º,"Demais Bancos, Financeiras e Instituições de Pagamento",Banco/financeira,33644196.0,BANCO FATOR S.A., ,1,0,0,1,13172,13168,13,
2022,3º,"Demais Bancos, Financeiras e Instituições de Pagamento",Banco/financeira,58616418.0,BANCO FIBRA S.A., ,0,1,0,1,163544,4432,159809,
2022,3º,"Demais Bancos, Financeiras e Instituições de Pagamento",Banco/financeira,53518684.0,BANCO HSBC S.A., ,0,4,8,12,3858,3843,82,
2022,3º,"Demais Bancos, Financeiras e Instituições de Pagamento",Banco/financeira,4866275.0,BANCO INBURSA S.A., ,10,10,5,25,27585,10,27575,
2022,3º,"Demais Bancos, Financeiras e Instituições de Pagamento",Banco/financeira,91884981.0,BANCO JOHN DEERE S.A., ,0,1,0,1,13559,254,13367,
2022,3º,"Demais Bancos, Financeiras e Instituições de Pagamento",Banco/financeira,61088183.0,BANCO MIZUHO DO BRASIL S.A., ,1,2,0,3,1249,1226,63,
2022,3º,"Demais Bancos, Financeiras e Instituições de Pagamento",Banco/financeira,78632767.0,BANCO OURINVEST S.A., ,6,14,1,21,257799,253773,4082,
2022,3º,"Demais Bancos, Financeiras e Instituições de Pagamento",Banco/financeira,61820817.0,BANCO PAULISTA S.A., ,13,4,0,17,57603,8406,49516,
2022,3º,"Demais Bancos, Financeiras e Instituições de Pagamento",Banco/financeira,1023570.0,BANCO RABOBANK INTERNATIONAL BRASIL S.A., ,0,1,0,1,3872,3691,1699,
2022,3º,"Demais Bancos, Financeiras e Instituições de Pagamento",Banco/financeira,517645.0,BANCO RIBEIRAO PRETO S.A., ,2,0,0,2,4456,4290,1784,
2022,3º,"Demais Bancos, Financeiras e Instituições de Pagamento",Banco/financeira,80271455.0,BANCO RNX S.A., ,0,1,0,1,2452,60,2407,
2022,3º,"Demais Bancos, Financeiras e Instituições de Pagamento",Banco/financeira,795423.0,BANCO SEMEAR S.A., ,4,14,2,20,315587,6155,310457,
2022,3º,"Demais Bancos, Financeiras e Instituições de Pagamento",Banco/financeira,7679404.0,BANCO TOPÁZIO S.A., ,7,14,2,23,12749,11617,2803,
2022,3º,"Demais Bancos, Financeiras e Instituições de Pagamento",Banco/financeira,17351180.0,BANCO TRIANGULO S.A., ,8,24,10,42,1740049,679997,1431577,
2022,3º,"Demais Bancos, Financeiras e Instituições de Pagamento",Banco/financeira,11285104.0,"BIORC FINANCEIRA - CRÉDITO, FINANCIAMENTO E INVESTIMENTO S.A.", ,0,1,0,1,17785,254,17531,
2022,3º,"Demais Bancos, Financeiras e Instituições de Pagamento",Banco/financeira,12865507.0,"BRK S.A. CRÉDITO, FINANCIAMENTO E INVESTIMENTO", ,0,1,0,1,23238,18388,20990,
2022,3º,"Demais Bancos, Financeiras e Instituições de Pagamento",Banco/financeira,37122487.0,"CALCRED S.A. - CRÉDITO, FINANCIAMENTO E INVESTIMENTO", ,3,4,1,8,163794, ,163794,
2022,3º,"Demais Bancos, Financeiras e Instituições de Pagamento",Banco/financeira,9313766.0,"CARUANA S.A. - SOCIEDADE DE CRÉDITO, FINANCIAMENTO E INVESTIMENTO", ,6,4,2,12,58790,53422,14080,
2022,3º,"Demais Bancos, Financeiras e Instituições de Pagamento",Banco/financeira,13935893.0,CELCOIN INSTITUICAO DE PAGAMENTO S.A., ,5,16,2,23,0,0,0,
2022,3º,"Demais Bancos, Financeiras e Instituições de Pagamento",Banco/financeira,26225776.0,"CENTROCRED S.A. CRÉDITO, FINANCIAMENTO E INVESTIMENTOS", ,1,0,0,1,110863,72,110791,
2022,3º,"Demais Bancos, Financeiras e Instituições de Pagamento",Banco/financeira,1027058.0,CIELO S.A. - INSTITUIÇÃO DE PAGAMENTO, ,21,34,32,87,194142,194030,112,
2022,3º,"Demais Bancos, Financeiras e Instituições de Pagamento",Banco/financeira,5938780.0,COOPER CARD INSTITUIÇÃO DE PAGAMENTO LTDA., ,0,1,1,2,378360,120371,280195,
2022,3º,"Demais Bancos, Financeiras e Instituições de Pagamento",Banco/financeira,62895230.0,CREDI-SHOP S/A - INSTITUIÇÃO DE PAGAMENTO, ,0,2,0,2,701423, ,701423,
2022,3º,"Demais Bancos, Financeiras e Instituições de Pagamento",Banco/financeira,13370835.0,DOCK INSTITUIÇÃO DE PAGAMENTO S.A., ,23,26,8,57,1997904,1997904, ,
2022,3º,"Demais Bancos, Financeiras e Instituições de Pagamento",Banco/financeira,21018182.0,EBANX INSTITUICAO DE PAGAMENTOS LTDA.,"70,09",39,60,15,114,556387,556385,2,
2022,3º,"Demais Bancos, Financeiras e Instituições de Pagamento",Banco/financeira,714671.0,EWALLY INSTITUIÇÃO DE PAGAMENTO S.A., ,4,0,5,9,0,0,0,
2022,3º,"Demais Bancos, Financeiras e Instituições de Pagamento",Banco/financeira,39321657.0,FACEBOOK INSTITUIÇÃO DE PAGAMENTO DO BRASIL LTDA., ,1,2,3,6,0,0,0,
2022,3º,"Demais Bancos, Financeiras e Instituições de Pagamento",Banco/financeira,15581638.0,FACTA FINANCEIRA S.A. - CRÉDITO FINANCIAMENTO E INVESTIMENTO,"113,04",79,169,14,262,698817,686,698139,
2022,3º,"Demais Bancos, Financeiras e Instituições de Pagamento",Banco/financeira,36583700.0,"FC FINANCEIRA S.A. - CRÉDITO, FINANCIAMENTO E INVESTIMENTO", ,1,6,7,14,25394, ,25394,
2022,3º,"Demais Bancos, Financeiras e Instituições de Pagamento",Banco/financeira,411939.0,"FINAMAX S.A. - CREDITO, FINANCIAMENTO E INVESTIMENTO", ,1,4,4,9,84947,1591,83394,
2022,3º,"Demais Bancos, Financeiras e Instituições de Pagamento",Banco/financeira,13203354.0,FITBANK PAGAMENTOS ELETRONICOS S.A., ,5,0,3,8,18359,18359, ,
2022,3º,"Demais Bancos, Financeiras e Instituições de Pagamento",Banco/financeira,23114447.0,FLAGSHIP INSTITUICAO DE PAGAMENTOS LTDA, ,7,8,0,15,0,0,0,
2022,3º,"Demais Bancos, Financeiras e Instituições de Pagamento",Banco/financeira,2732968.0,FORTBRASIL INSTITUIÇÃO DE PAGAMENTO S/A, ,7,9,7,23,697417, ,697417,
2022,3º,"Demais Bancos, Financeiras e Instituições de Pagamento",Banco/financeira,22177858.0,GRANITO INSTITUIÇÃO DE PAGAMENTO S.A., ,4,4,4,12,0,0,0,
2022,3º,"Demais Bancos, Financeiras e Instituições de Pagamento",Banco/financeira,13884775.0,HUB INSTITUIÇÃO DE PAGAMENTO S.A., ,26,73,5,104,9935547,9935547,49,
2022,3º,"Demais Bancos, Financeiras e Instituições de Pagamento",Banco/financeira,15111975.0,IUGU INSTITUIÇÃO DE PAGAMENTO S.A., ,10,4,1,15,2010, ,2010,
2022,3º,"Demais Bancos, Financeiras e Instituições de Pagamento",Banco/financeira,4230630.0,"JBCRED S.A. SOCIEDADE DE CREDITO, FINANCIAMENTO E INVESTIMENTO", ,1,8,7,16,60558, ,60558,
2022,3º,"Demais Bancos, Financeiras e Instituições de Pagamento",Banco/financeira,6040559.0,"KREDILIG S.A. - CRÉDITO, FINANCIAMENTO E INVESTIMENTO", ,1,3,1,5,314082,5,314080,
2022,3º,"Demais Bancos, Financeiras e Instituições de Pagamento",Banco/financeira,11271860.0,"LEBES FINANCEIRA S.A. - CRÉDITO, FINANCIAMENTO E INVESTIMENTO", ,5,3,5,13,304471,5,304467,
2022,3º,"Demais Bancos, Financeiras e Instituições de Pagamento",Banco/financeira,7652226.0,"LECCA CRÉDITO, FINANCIAMENTO E INVESTIMENTO S/A", ,4,0,9,13,24016,284,23732,
2022,3º,"Demais Bancos, Financeiras e Instituições de Pagamento",Banco/financeira,7747410.0,M PAGAMENTOS S.A. - CRÉDITO FINANCIAMENTO E INVESTIMENTO, ,4,9,1,14,711941, ,711941,
2022,3º,"Demais Bancos, Financeiras e Instituições de Pagamento",Banco/financeira,21995256.0,MAG INSTITUICAO DE PAGAMENTO LTDA, ,0,1,0,1,0,0,0,
2022,3º,"Demais Bancos, Financeiras e Instituições de Pagamento",Banco/financeira,9464032.0,"MIDWAY S.A. - CRÉDITO, FINANCIAMENTO E INVESTIMENTO","5,11",56,132,51,239,10958007,2049904,10564513,
2022,3º,"Demais Bancos, Financeiras e Instituições de Pagamento",Banco/financeira,4379829.0,"NEGRESCO S.A. - CREDITO, FINANCIAMENTO E INVESTIMENTOS", ,1,3,2,6,466545,625,465922,
2022,3º,"Demais Bancos, Financeiras e Instituições de Pagamento",Banco/financeira,74828799.0,NOVO BANCO CONTINENTAL S.A. - BANCO MÚLTIPLO, ,1,36,0,37,374760,3343,372062,
2022,3º,"Demais Bancos, Financeiras e Instituições de Pagamento",Banco/financeira,3816413.0,PAGUEVELOZ INSTITUIÇÃO DE PAGAMENTO LTDA., ,9,4,4,17,0,0,0,
2022,3º,"Demais Bancos, Financeiras e Instituições de Pagamento",Banco/financeira,3311443.0,"PARATI - CREDITO, FINANCIAMENTO E INVESTIMENTO S.A.", ,23,48,3,74,45764,44153,2109,
2022,3º,"Demais Bancos, Financeiras e Instituições de Pagamento",Banco/financeira,10878448.0,PAYPAL DO BRASIL SERVICOS DE PAGAMENTOS LTDA,"15,77",49,110,14,173,3106019,3106017,3,
2022,3º,"Demais Bancos, Financeiras e Instituições de Pagamento",Banco/financeira,43180355.0,"PEFISA S.A. - CRÉDITO, FINANCIAMENTO E INVESTIMENTO","13,10",117,65,30,212,8928230,8731610,2919755,
2022,3º,"Demais Bancos, Financeiras e Instituições de Pagamento",Banco/financeira,17079937.0,PINBANK BRASIL INSTITUIÇÃO DE PAGAMENTO S.A., ,0,0,1,1,0,0,0,
2022,3º,"Demais Bancos, Financeiras e Instituições de Pagamento",Banco/financeira,1800019.0,"PORTOCRED S.A. - CREDITO, FINANCIAMENTO E INVESTIMENTO","286,17",34,31,19,84,118808,2234,116575,
2022,3º,"Demais Bancos, Financeiras e Instituições de Pagamento",Banco/financeira,1722480.0,QUERO-QUERO VERDECARD INSTITUIÇÃO DE PAGAMENTO S.A., ,6,12,2,20,388826, ,388826,
2022,3º,"Demais Bancos, Financeiras e Instituições de Pagamento",Banco/financeira,27351731.0,"REALIZE CRÉDITO, FINANCIAMENTO E INVESTIMENTO S.A.", ,18,67,43,128,5730050,14322,5729574,
2022,3º,"Demais Bancos, Financeiras e Instituições de Pagamento",Banco/financeira,65697260.0,REPOM S.A., ,9,3,0,12,269770,269768,4,
2022,3º,"Demais Bancos, Financeiras e Instituições de Pagamento",Banco/financeira,6249129.0,"RPW S/A SOCIEDADE DE CRÉDITO, FINANCIAMENTO E INVESTIMENTO", ,0,1,0,1,14817,3,14814,
2022,3º,"Demais Bancos, Financeiras e Instituições de Pagamento",Banco/financeira,122327.0,"SANTINVEST S.A. - CREDITO, FINANCIAMENTO E INVESTIMENTOS", ,1,4,0,5,11605,465,11140,
2022,3º,"Demais Bancos, Financeiras e Instituições de Pagamento",Banco/financeira,5503849.0,"SF3 CRÉDITO, FINANCIAMENTO E INVESTIMENTO S.A.", ,1,2,1,4,31739,1296,30445,
2022,3º,"Demais Bancos, Financeiras e Instituições de Pagamento",Banco/financeira,38372267.0,SHPP BRASIL INSTITUIÇÃO DE PAGAMENTO E SERVIÇOS DE PAGAMENTOS LTDA., ,5,2,7,14,0,0,0,
2022,3º,"Demais Bancos, Financeiras e Instituições de Pagamento",Banco/financeira,15173776.0,SOCIAL BANK BANCO MÚLTIPLO S/A, ,17,1,1,19,1321,1311,17,
2022,3º,"Demais Bancos, Financeiras e Instituições de Pagamento",Banco/financeira,23757411.0,SOCIAL BANK INSTITUIÇÃO DE PAGAMENTO S.A, ,2,0,0,2,283011,283011, ,
2022,3º,"Demais Bancos, Financeiras e Instituições de Pagamento",Banco/financeira,3881423.0,"SOCINAL S.A. - CRÉDITO, FINANCIAMENTO E INVESTIMENTO", ,3,4,16,23,2234,448,1786,
2022,3º,"Demais Bancos, Financeiras e Instituições de Pagamento",Banco/financeira,9274232.0,STATE STREET BRASIL S.A. - BANCO COMERCIAL, ,0,1,0,1,1,1, ,
2022,3º,"Demais Bancos, Financeiras e Instituições de Pagamento",Banco/financeira,30980539.0,U4CRYPTO INSTITUIÇÃO DE PAGAMENTO SA, ,11,7,2,20,0,0,0,
2022,3º,"Demais Bancos, Financeiras e Instituições de Pagamento",Banco/financeira,5192316.0,"VIA CERTA FINANCIADORA S.A. - CRÉDITO, FINANCIAMENTO E INVESTIMENTOS", ,2,5,2,9,459801,13555,450697,
2022,3º,"Demais Bancos, Financeiras e Instituições de Pagamento",Banco/financeira,991143.0,WORLDPAY DO BRASIL INSTITUICAO DE PAGAMENTO LTDA, ,0,1,0,1,55, ,55,
2022,4º,"Demais Bancos, Financeiras e Instituições de Pagamento",Banco/financeira,13140088.0,ACESSO SOLUÇÕES DE PAGAMENTO S.A. - INSTITUIÇÃO DE PAGAMENTO,"15,52",86,81,12,179,5538591,5538546,41852,
2022,4º,"Demais Bancos, Financeiras e Instituições de Pagamento",Banco/financeira,10868663.0,ACG INSTITUIÇÃO DE PAGAMENTO S.A., ,1,1,0,2,51711,51711, ,
2022,4º,"Demais Bancos, Financeiras e Instituições de Pagamento",Banco/financeira,36321990.0,"AGORACRED S/A SOCIEDADE DE CRÉDITO, FINANCIAMENTO E INVESTIMENTO", ,2,6,0,8,549291,127,549164,
2022,4º,"Demais Bancos, Financeiras e Instituições de Pagamento",Banco/financeira,27214112.0,"AL5 S.A. CRÉDITO, FINANCIAMENTO E INVESTIMENTO", ,5,0,0,5,31644,20829,16684,
2022,4º,"Top 15 - Bancos, Financeiras e Instituições de Pagamento",Banco/financeira,32778350.0,AME DIGITAL BRASIL INSTITUICAO DE PAGAMENTO LTDA,"1,28",40,38,14,92,31101626,31101415,1434,
2022,4º,"Demais Bancos, Financeiras e Instituições de Pagamento",Banco/financeira,54403563.0,BANCO ARBI S.A., ,6,7,2,15,89501,89501, ,
2022,4º,"Demais Bancos, Financeiras e Instituições de Pagamento",Banco/financeira,997185.0,BANCO B3 S.A., ,1,0,3,4,1160,1160, ,
2022,4º,"Demais Bancos, Financeiras e Instituições de Pagamento",Banco/financeira,2992446.0,BANCO CNH INDUSTRIAL CAPITAL S.A., ,0,3,4,7,29965,1306,28842,
2022,4º,"Demais Bancos, Financeiras e Instituições de Pagamento",Banco/financeira,8357240.0,BANCO CSF S.A.,"6,31",51,75,39,165,8070375, ,8070375,
2022,4º,"Demais Bancos, Financeiras e Instituições de Pagamento",Banco/financeira,4902979.0,BANCO DA AMAZONIA S.A., ,2,1,6,9,587752,516123,203435,
2022,4º,"Demais Bancos, Financeiras e Instituições de Pagamento",Banco/financeira,92874270.0,BANCO DIGIMAIS S.A.,"170,35",56,35,50,141,328722,157369,208295,
2022,4º,"Demais Bancos, Financeiras e Instituições de Pagamento",Banco/financeira,13009717.0,BANCO DO ESTADO DE SERGIPE S.A., ,29,30,15,74,1128708,851059,656226,
2022,4º,"Demais Bancos, Financeiras e Instituições de Pagamento",Banco/financeira,4913711.0,BANCO DO ESTADO DO PARÁ S.A.,"33,68",34,21,10,65,1009445,886254,435161,
2022,4º,"Demais Bancos, Financeiras e Instituições de Pagamento",Banco/financeira,7237373.0,BANCO DO NORDESTE DO BRASIL S.A., ,7,27,27,61,9384798,8816792,3284218,
2022,4º,"Demais Bancos, Financeiras e Instituições de Pagamento",Banco/financeira,53518684.0,BANCO HSBC S.A., ,0,4,3,7,4057,4039,89,
2022,4º,"Demais Bancos, Financeiras e Instituições de Pagamento",Banco/financeira,4866275.0,BANCO INBURSA S.A., ,16,7,4,27,39104,10,39096,
2022,4º,"Demais Bancos, Financeiras e Instituições de Pagamento",Banco/financeira,91884981.0,BANCO JOHN DEERE S.A., ,0,1,0,1,13833,254,13641,
2022,4º,"Demais Bancos, Financeiras e Instituições de Pagamento",Banco/financeira,7441209.0,BANCO MONEO S.A., ,0,1,0,1,1135,9,1128,
2022,4º,"Demais Bancos, Financeiras e Instituições de Pagamento",Banco/financeira,78632767.0,BANCO OURINVEST S.A., ,1,7,3,11,307501,304060,3496,
2022,4º,"Demais Bancos, Financeiras e Instituições de Pagamento",Banco/financeira,61820817.0,BANCO PAULISTA S.A., ,11,7,1,19,86056,8944,77420,
2022,4º,"Demais Bancos, Financeiras e Instituições de Pagamento",Banco/financeira,1023570.0,BANCO RABOBANK INTERNATIONAL BRASIL S.A., ,0,0,1,1,3898,3708,1692,
2022,4º,"Demais Bancos, Financeiras e Instituições de Pagamento",Banco/financeira,517645.0,BANCO RIBEIRAO PRETO S.A., ,0,1,0,1,4759,4600,1853,
2022,4º,"Demais Bancos, Financeiras e Instituições de Pagamento",Banco/financeira,795423.0,BANCO SEMEAR S.A., ,0,5,2,7,312515,7354,306394,
2022,4º,"Demais Bancos, Financeiras e Instituições de Pagamento",Banco/financeira,60518222.0,BANCO SUMITOMO MITSUI BRASILEIRO S.A., ,0,0,1,1,1180,1140,123,
2022,4º,"Demais Bancos, Financeiras e Instituições de Pagamento",Banco/financeira,7679404.0,BANCO TOPÁZIO S.A., ,4,7,4,15,12744,11638,2727,
2022,4º,"Demais Bancos, Financeiras e Instituições de Pagamento",Banco/financeira,17351180.0,BANCO TRIANGULO S.A., ,7,18,8,33,1744811,687146,1404832,
2022,4º,"Demais Bancos, Financeiras e Instituições de Pagamento",Banco/financeira,57839805.0,BANCO TRICURY S.A., ,0,0,1,1,972,958,152,
2022,4º,"Demais Bancos, Financeiras e Instituições de Pagamento",Banco/financeira,20443996.0,"BECKER FINANCEIRA S.A. - CRÉDITO, FINANCIAMENTO E INVESTIMENTO", ,0,1,0,1,198148,8,198143,
2022,4º,"Demais Bancos, Financeiras e Instituições de Pagamento",Banco/financeira,11285104.0,"BIORC FINANCEIRA - CRÉDITO, FINANCIAMENTO E INVESTIMENTO S.A.", ,1,1,0,2,254,254, ,
2022,4º,"Demais Bancos, Financeiras e Instituições de Pagamento",Banco/financeira,12865507.0,"BRK S.A. CRÉDITO, FINANCIAMENTO E INVESTIMENTO", ,0,1,1,2,25477,21498,18676,
2022,4º,"Demais Bancos, Financeiras e Instituições de Pagamento",Banco/financeira,37122487.0,"CALCRED S.A. - CRÉDITO, FINANCIAMENTO E INVESTIMENTO", ,2,0,0,2,181452, ,181452,
2022,4º,"Demais Bancos, Financeiras e Instituições de Pagamento",Banco/financeira,9313766.0,"CARUANA S.A. - SOCIEDADE DE CRÉDITO, FINANCIAMENTO E INVESTIMENTO", ,2,5,1,8,59548,54218,13701,
2022,4º,"Demais Bancos, Financeiras e Instituições de Pagamento",Banco/financeira,13935893.0,CELCOIN INSTITUICAO DE PAGAMENTO S.A., ,18,4,3,25,0,0,0,
2022,4º,"Demais Bancos, Financeiras e Instituições de Pagamento",Banco/financeira,26225776.0,"CENTROCRED S.A. CRÉDITO, FINANCIAMENTO E INVESTIMENTOS", ,0,1,0,1,110120,72,110048,
2022,4º,"Demais Bancos, Financeiras e Instituições de Pagamento",Banco/financeira,1027058.0,CIELO S.A. - INSTITUIÇÃO DE PAGAMENTO, ,14,16,38,68,213990,213874,116,
2022,4º,"Demais Bancos, Financeiras e Instituições de Pagamento",Banco/financeira,18189547.0,CLOUDWALK INSTITUIÇÃO DE PAGAMENTO E SERVICOS LTDA, ,7,9,14,30,0,0,0,
2022,4º,"Demais Bancos, Financeiras e Instituições de Pagamento",Banco/financeira,5938780.0,COOPER CARD INSTITUIÇÃO DE PAGAMENTO LTDA., ,1,1,0,2,392951,131098,287743,
2022,4º,"Demais Bancos, Financeiras e Instituições de Pagamento",Banco/financeira,13370835.0,DOCK INSTITUIÇÃO DE PAGAMENTO S.A., ,20,11,3,34,2013085,2013085, ,
2022,4º,"Demais Bancos, Financeiras e Instituições de Pagamento",Banco/financeira,21018182.0,EBANX INSTITUICAO DE PAGAMENTOS LTDA., ,27,35,5,67,559116,559114,2,
2022,4º,"Demais Bancos, Financeiras e Instituições de Pagamento",Banco/financeira,714671.0,EWALLY INSTITUIÇÃO DE PAGAMENTO S.A., ,2,2,1,5,0,0,0,
2022,4º,"Demais Bancos, Financeiras e Instituições de Pagamento",Banco/financeira,39321657.0,FACEBOOK INSTITUIÇÃO DE PAGAMENTO DO BRASIL LTDA., ,1,1,0,2,0,0,0,
2022,4º,"Demais Bancos, Financeiras e Instituições de Pagamento",Banco/financeira,15581638.0,FACTA FINANCEIRA S.A. - CRÉDITO FINANCIAMENTO E INVESTIMENTO,"396,37",352,257,67,676,888045,686,887367,
2022,4º,"Demais Bancos, Financeiras e Instituições de Pagamento",Banco/financeira,36583700.0,"FC FINANCEIRA S.A. - CRÉDITO, FINANCIAMENTO E INVESTIMENTO", ,15,4,3,22,21602, ,21602,
2022,4º,"Demais Bancos, Financeiras e Instituições de Pagamento",Banco/financeira,411939.0,"FINAMAX S.A. - CREDITO, FINANCIAMENTO E INVESTIMENTO", ,1,1,1,3,83736,1578,82190,
2022,4º,"Demais Bancos, Financeiras e Instituições de Pagamento",Banco/financeira,4962772.0,FISERV DO BRASIL  INSTITUIÇÃO DE PAGAMENTO LTDA, ,0,2,0,2,93, ,93,
2022,4º,"Demais Bancos, Financeiras e Instituições de Pagamento",Banco/financeira,13203354.0,FITBANK INSTITUIÇÃO DE PAGAMENTOS ELETRÔNICOS S.A., ,4,1,0,5,29083,29083, ,
2022,4º,"Demais Bancos, Financeiras e Instituições de Pagamento",Banco/financeira,23114447.0,FLAGSHIP INSTITUICAO DE PAGAMENTOS LTDA, ,1,6,0,7,73806,73806, ,
2022,4º,"Demais Bancos, Financeiras e Instituições de Pagamento",Banco/financeira,2732968.0,FORTBRASIL INSTITUIÇÃO DE PAGAMENTO S/A, ,4,6,6,16,624574, ,624574,
2022,4º,"Demais Bancos, Financeiras e Instituições de Pagamento",Banco/financeira,22177858.0,GRANITO INSTITUIÇÃO DE PAGAMENTO S.A., ,3,0,2,5,60, ,60,
2022,4º,"Demais Bancos, Financeiras e Instituições de Pagamento",Banco/financeira,13884775.0,HUB INSTITUIÇÃO DE PAGAMENTO S.A.,"3,26",36,65,1,102,11021807,11021797,78,
2022,4º,"Demais Bancos, Financeiras e Instituições de Pagamento",Banco/financeira,15111975.0,IUGU INSTITUIÇÃO DE PAGAMENTO S.A., ,8,7,1,16,2365, ,2365,
2022,4º,"Demais Bancos, Financeiras e Instituições de Pagamento",Banco/financeira,4230630.0,"JBCRED S.A. SOCIEDADE DE CREDITO, FINANCIAMENTO E INVESTIMENTO", ,0,5,5,10,60391, ,60391,
2022,4º,"Demais Bancos, Financeiras e Instituições de Pagamento",Banco/financeira,6040559.0,"KREDILIG S.A. - CRÉDITO, FINANCIAMENTO E INVESTIMENTO", ,1,2,1,4,319580,7,319576,
2022,4º,"Demais Bancos, Financeiras e Instituições de Pagamento",Banco/financeira,11271860.0,"LEBES FINANCEIRA S.A. - CRÉDITO, FINANCIAMENTO E INVESTIMENTO", ,5,5,2,12,334203,5,334198,
2022,4º,"Demais Bancos, Financeiras e Instituições de Pagamento",Banco/financeira,7652226.0,"LECCA CRÉDITO, FINANCIAMENTO E INVESTIMENTO S/A", ,1,3,2,6,27489,271,27218,
2022,4º,"Demais Bancos, Financeiras e Instituições de Pagamento",Banco/financeira,7747410.0,M PAGAMENTOS S.A. - CRÉDITO FINANCIAMENTO E INVESTIMENTO, ,1,9,3,13,519067, ,519067,
2022,4º,"Demais Bancos, Financeiras e Instituições de Pagamento",Banco/financeira,9464032.0,"MIDWAY S.A. - CRÉDITO, FINANCIAMENTO E INVESTIMENTO","4,06",33,86,30,149,8108375,2324607,7565452,
2022,4º,"Demais Bancos, Financeiras e Instituições de Pagamento",Banco/financeira,4379829.0,"NEGRESCO S.A. - CREDITO, FINANCIAMENTO E INVESTIMENTOS", ,0,1,0,1,478360,632,477731,
2022,4º,"Demais Bancos, Financeiras e Instituições de Pagamento",Banco/financeira,74828799.0,NOVO BANCO CONTINENTAL S.A. - BANCO MÚLTIPLO, ,0,21,2,23,544311,3669,541595,
2022,4º,"Demais Bancos, Financeiras e Instituições de Pagamento",Banco/financeira,3816413.0,PAGUEVELOZ INSTITUIÇÃO DE PAGAMENTO LTDA., ,8,9,0,17,0,0,0,
2022,4º,"Demais Bancos, Financeiras e Instituições de Pagamento",Banco/financeira,3311443.0,"PARATI - CREDITO, FINANCIAMENTO E INVESTIMENTO S.A.", ,27,53,8,88,95648,93466,2897,
2022,4º,"Demais Bancos, Financeiras e Instituições de Pagamento",Banco/financeira,10878448.0,PAYPAL DO BRASIL SERVICOS DE PAGAMENTOS LTDA,"189,44",34,40,6,80,179473,179471,3,
2022,4º,"Demais Bancos, Financeiras e Instituições de Pagamento",Banco/financeira,43180355.0,"PEFISA S.A. - CRÉDITO, FINANCIAMENTO E INVESTIMENTO","11,43",106,49,21,176,9273360,8999432,3045175,
2022,4º,"Demais Bancos, Financeiras e Instituições de Pagamento",Banco/financeira,17079937.0,PINBANK BRASIL INSTITUIÇÃO DE PAGAMENTO S.A., ,1,0,0,1,0,0,0,
2022,4º,"Demais Bancos, Financeiras e Instituições de Pagamento",Banco/financeira,1800019.0,"PORTOCRED S.A. - CREDITO, FINANCIAMENTO E INVESTIMENTO", ,12,11,19,42,118063,2234,115830,
2022,4º,"Demais Bancos, Financeiras e Instituições de Pagamento",Banco/financeira,1722480.0,QUERO-QUERO VERDECARD INSTITUIÇÃO DE PAGAMENTO S.A., ,0,8,3,11,580387,222463,395988,
2022,4º,"Demais Bancos, Financeiras e Instituições de Pagamento",Banco/financeira,27351731.0,"REALIZE CRÉDITO, FINANCIAMENTO E INVESTIMENTO S.A.", ,13,53,27,93,5561332,55482,5559674,
2022,4º,"Demais Bancos, Financeiras e Instituições de Pagamento",Banco/financeira,65697260.0,REPOM S.A., ,2,0,0,2,270013,270012,4,
2022,4º,"Demais Bancos, Financeiras e Instituições de Pagamento",Banco/financeira,122327.0,"SANTINVEST S.A. - CREDITO, FINANCIAMENTO E INVESTIMENTOS", ,0,5,1,6,11724,439,11285,
2022,4º,"Demais Bancos, Financeiras e Instituições de Pagamento",Banco/financeira,5503849.0,"SF3 CRÉDITO, FINANCIAMENTO E INVESTIMENTO S.A.", ,0,0,1,1,19076,1299,17780,
2022,4º,"Demais Bancos, Financeiras e Instituições de Pagamento",Banco/financeira,38372267.0,SHPP BRASIL INSTITUIÇÃO DE PAGAMENTO E SERVIÇOS DE PAGAMENTOS LTDA., ,21,17,38,76,0,0,0,
2022,4º,"Demais Bancos, Financeiras e Instituições de Pagamento",Banco/financeira,15173776.0,SOCIAL BANK BANCO MÚLTIPLO S/A, ,7,0,2,9,1258,1250,11,
2022,4º,"Demais Bancos, Financeiras e Instituições de Pagamento",Banco/financeira,23757411.0,SOCIAL BANK INSTITUIÇÃO DE PAGAMENTO S.A, ,4,1,0,5,301235,301235, ,
2022,4º,"Demais Bancos, Financeiras e Instituições de Pagamento",Banco/financeira,3881423.0,"SOCINAL S.A. - CRÉDITO, FINANCIAMENTO E INVESTIMENTO", ,27,14,15,56,2471,443,2028,
2022,4º,"Demais Bancos, Financeiras e Instituições de Pagamento",Banco/financeira,17359351.0,STARA FINANCEIRA S.A. - CRÉDITO FINANCIAMENTO E INVESTIMENTO, ,0,0,1,1,771,25,746,
2022,4º,"Demais Bancos, Financeiras e Instituições de Pagamento",Banco/financeira,22121209.0,STRIPE BRASIL SOLUCOES DE PAGAMENTO INSTITUICAO DE PAGAMENTO LTDA, ,0,2,2,4,74, ,74,
2022,4º,"Demais Bancos, Financeiras e Instituições de Pagamento",Banco/financeira,30980539.0,U4C INSTITUIÇÃO DE PAGAMENTO S.A., ,3,4,0,7,0,0,0,
2022,4º,"Demais Bancos, Financeiras e Instituições de Pagamento",Banco/financeira,5192316.0,"VIA CERTA FINANCIADORA S.A. - CRÉDITO, FINANCIAMENTO E INVESTIMENTOS", ,2,3,3,8,467431,17124,455695,
